month,refinance_incentive,seasonality,hpa,smm
1,0.04967141530112327,0.0,1.960373963078365,0.014274588274775363
2,0.0358449851840048,0.5018960782624483,1.95463714100502,0.012357952174000248
3,0.10061383899407406,0.8682078735618107,1.9798865049540428,0.012280857556310755
4,0.2529168246348766,0.9999784020568753,2.023174264662549,0.02512189521164312
5,0.22950148716254298,0.8616106280355441,1.9631594443097602,0.019042648045626588
6,0.2060877914676249,0.49048379440967443,1.9464343825177126,0.013355775018447927
7,0.36400907301836405,-0.0131443606058291,1.9226871169596649,0.017826969470044834
8,0.4407525459336549,-0.5132216436680801,1.8900206553309793,0.01462124399292268
9,0.3938051073401597,-0.8746551086738641,1.9782933673450342,0.02589512151348676
10,0.4480611116987562,-0.9998056241094909,1.998542452893082,0.022367477803961085
11,0.40171934241750995,-0.8548645119782238,1.9354982551763298,0.01759119759222865
12,0.35514636706048425,-0.478986763943324,1.9813913525290685,0.026070496921001336
13,0.37934259421708766,0.026286450106961855,2.0874991623797,0.022280123997874053
14,0.18801456975130787,0.5244585337763611,2.1391224254072574,0.01635440790808116
15,0.015522786500004583,0.880951219407596,2.063153927109557,0.026457140067605474
16,-0.04070596642409269,0.9994600980675861,2.038942223466244,0.02095561582721186
17,-0.14198907845753506,0.8479706909951091,2.1022877809255753,0.010418416676043714
18,-0.11056434519800767,0.4674069733396273,2.0669043076446365,0.013307863187609216
19,-0.20136675275012875,-0.03942399779110676,2.0890952790519477,0.005575644247222001
20,-0.3425971228836579,-0.5356048070585508,2.127826981723415,0.0
21,-0.19603224599150249,-0.8870951179104211,2.0814804581445103,0.010437728144565072
22,-0.21860987604015603,-0.9989418836317304,2.0785041903414205,0.014337184644071722
23,-0.21185705557136367,-0.8409303562121656,1.9164408233379668,0.0
24,-0.35433187419270934,-0.45574642337424687,1.8652214412712524,0.007179919465269939
25,-0.4087701466452276,0.05255473373071685,1.8525930337015943,0.002539343957543086
26,-0.397677887674241,0.5466585376428368,1.790203874603352,0.005924515765112588
27,-0.5127772454164713,0.8930857426292412,1.8718244397999335,0.004991563063222302
28,-0.47520744358190403,0.9982510703398845,1.800317370901902,0.0047677873734660635
29,-0.5352713125737845,0.8337447240702583,1.7783151465670528,0.007262535801733843
30,-0.5644406875531122,0.444007128776586,1.7848521754313573,0.00034617566162821207
31,-0.6246113487760518,-0.06567638917518759,1.8569158398846632,0.0022455068872715457
32,-0.4393835303251581,-0.5576178156470857,1.785122732325691,0.001743295232667106
33,-0.4407332527989515,-0.8989220584938578,1.8432809199334392,0.0
34,-0.5465043456945414,-0.9973877775519283,1.8437925729844185,0.0
35,-0.46424985448422257,-0.8264150361149755,1.794717140432021,0.0
36,-0.5863342194813248,-0.43219111788167686,1.8178223141451846,0.0035249607783842682
37,-0.5654478599808492,0.07878669694285678,1.827775298923858,0.00524511282106692
38,-0.7614148723688268,0.5684807475088465,1.7977644550659182,0.0
39,-0.8942334772586698,0.9046030570958151,1.8012545593154192,0.0007375163860826485
40,-0.8745473536717574,0.99635215442904,1.781988879472331,0.004811727074513657
41,-0.8007006956722164,0.8189425587821083,1.7876647467348936,0.0
42,-0.7835638675532194,0.4203004322797239,1.820771280460946,0.0027885683331558006
43,-0.7951286957920434,-0.09188339181273994,1.9000721212682135,0.0
44,-0.8252390653509724,-0.5792454563125063,1.838181346326871,0.0
45,-0.9730912643877151,-0.9101277568626379,1.9448330150596844,0.0
46,-1.0450756852271859,-0.9951443799079214,1.8472286250835592,0.0
47,-1.0911395623231648,-0.8113285831788354,1.8396393703317802,0.0
48,-0.9854273397012732,-0.40833712646334963,1.8690552306560089,0.0
49,-0.951065510744427,0.10496421091589954,1.8831048240427606,0.0
50,-1.1273695262807004,0.5899100821136086,1.8519698480517308,0.0
51,-1.094961129341221,0.915495203227421,1.841563735533867,0.0
52,-1.1334693573828527,0.9937646626698818,1.8169136888009254,0.0
53,-1.2011615574134487,0.8035744248606503,1.7874454509537148,0.0
54,-1.1399939285293617,0.3963032674726175,1.829925555804766,0.0
55,-1.0368939762797666,-0.11802689412645029,1.8477763301030183,0.0
56,-0.9437659643681467,-0.6004727822601947,1.8131308503399857,0.0
57,-1.0276877166904106,-0.9207044687937717,1.8581108441116483,0.0
58,-1.058608954275532,-0.9922132411047832,1.8734758201554786,0.0
59,-1.0254826111351756,-0.7956814236040433,1.9141189260974267,0.0
60,-0.9279280984229397,-0.3842009345378967,1.9456003681936074,0.0
61,-0.9758455222074688,0.1310691844520569,1.9041506176475038,0.0
62,-0.9944114198738504,0.6109317317112029,1.8761415656376552,0.0
63,-1.1050449172744532,0.9257546534960345,1.9135062458938183,0.0
64,-1.2246655796825203,0.9904903832698481,1.9440247591654916,0.0015550329443193203
65,-1.1434129974431004,0.7876509431750288,1.9429796794672842,0.0
66,-1.0077889945860181,0.3720322187205863,1.9488460486327233,0.0
67,-1.0149900067440514,-0.14408882842389384,2.0127292934221446,0.0
68,-0.914636716954849,-0.6212851233517768,1.983150723980353,0.0
69,-0.8784731144500857,-0.930644884754822,2.010505593038855,0.0
70,-0.9429850899105982,-0.9885963868433456,2.00039596041716,0.0
71,-0.9068455293597568,-0.7794843710934953,1.9895119002557993,0.0
72,-0.7530418727131599,-0.35979922255184765,2.0444507428551586,0.0
73,-0.7566244766241551,0.15708357648600724,2.08572156030456,0.005663281778855092
74,-0.6001601110427545,0.6315311683055355,2.126397042104592,0.006679351921387839
75,-0.8621346214517289,0.9353743176277634,2.1916709824623086,0.0035055344344048665
76,-0.7799443710142064,0.986531579073159,2.1927211745439465,0.0016598279935572226
77,-0.7712396641903894,0.7711831183934862,2.2268188231086947,0.0004467288340145657
78,-0.8011403992369761,0.3475040596692863,2.2113054852790217,0.0
79,-0.7919643215834259,-0.17005118338402128,2.2275138029034443,0.0
80,-0.9907212130435152,-0.6416680962436221,2.2210066501850596,0.0
81,-1.0126884018272664,-0.9399421349555032,2.225856448434696,0.0
82,-0.9769771446760918,-0.9842963167202431,2.2556142997065414,0.00042720811551722436
83,-0.8291877402019401,-0.7627486193793728,2.214703265544868,0.0
84,-0.8810147620293048,-0.3351488544517966,2.319322629329141,0.0
85,-0.9618641223186236,0.18298940855303505,2.2690217602541556,0.002221777727720738
86,-1.0120398266770774,0.6516941556906007,2.208312329614769,0.0
87,-0.9204996149068698,0.9443475475028985,2.266217873289772,0.0
88,-0.8876245039409014,0.9818909859969781,2.3058010079879194,0.0
89,-0.9406005243176052,0.7541823313780617,2.337006998840527,0.0
90,-0.8892737810062696,0.32273574165248187,2.3684242743037407,0.0
91,-0.8795660260714657,-0.1958960165047721,2.367811935661395,0.0
92,-0.7827015270181769,-0.6616076143270965,2.322949217087104,0.004066016383551601
93,-0.8529068364059121,-0.9485897940953698,2.32673944499679,0.0
94,-0.885673051065689,-0.9793160025004464,2.2928813594211843,0.0
95,-0.9248838663789049,-0.7454857344871822,2.341637346092072,0.0
96,-1.0712353611921166,-0.31026686602982123,2.334284477016965,0.0
97,-1.041623333485659,0.20876877721385284,2.2930096171773395,0.0
98,-1.0155178062676702,0.6714067592890745,2.2769403250946896,0.001454884290716183
99,-1.0150064606034241,0.9526681417504276,2.297586897808471,0.0
100,-1.0384651739409387,0.9765718111406216,2.269400670168272,0.004371127133255523
101,-1.1800022481459802,0.7366603313193384,2.2282896503899505,0.0
102,-1.2220667804225163,0.29774438197706804,2.2404740109645465,0.0
103,-1.2563382320751932,-0.22160546650306012,2.2527223395199822,0.0
104,-1.336565958997355,-0.6810898974638094,2.2273751807514257,0.0
105,-1.352694530163956,-0.9565818858043139,2.20382326547051,0.0
106,-1.3122894444825022,-0.9736588860634918,2.2154257623383917,0.0
107,-1.123670854361449,-0.7277076467425131,2.1430215452635255,0.0
108,-1.1062130730782653,-0.2851704531500503,2.0726483565446974,0.0
109,-1.0804580340059888,0.23440386642765745,2.036726145482076,0.0
110,-1.0879026255826056,0.6906553557824386,2.0260537878964833,0.0
111,-1.2797797471125099,0.9603303500337638,2.0415991661763835,0.0
112,-1.2824311346574315,0.9705777305691444,2.1153669770238612,0.0
113,-1.2764081136633287,0.71862922761658,2.158249958183962,0.0
114,-1.0300839024148,0.27254725209331065,2.150253031685791,0.0
115,-1.0493199988929125,-0.24716176565862966,2.1493022212906565,0.0
116,-1.019165264659551,-0.7001014815090072,2.099175753058766,0.0
117,-1.0226364416300755,-0.9639128867728314,2.0982500962591466,0.0
118,-1.1395042453920288,-0.9673288770248011,2.0838171643131393,0.0
119,-1.0252219639405264,-0.7094266425260445,2.0999530923300442,0.0
120,-0.9500286606718492,-0.25987695986470977,2.058591545152428,0.0
121,-0.8709254659675445,0.25987695986471876,2.0845588708644867,0.0018349363049284355
122,-0.9618642114470184,0.709426642526051,2.1611958165146152,0.0
123,-0.8215847803534087,0.9673288770248034,2.1557578090917726,0.007064493996767691
124,-0.9617698866326366,0.963912886772827,2.1758433951967193,0.006714042785629598
125,-0.9030841772526096,0.7001014815090056,2.210350594782275,0.0019266995681758905
126,-0.6840386146716118,0.24716176565862752,2.1902895711879835,0.011319594740027198
127,-0.7830922471846806,-0.27254725209331276,2.2014941952785043,0.0
128,-0.8397220201449578,-0.7186292276165864,2.202123815317594,0.0
129,-0.8297568836361937,-0.9705777305691466,2.2070076202450357,0.0
130,-0.8801044490478136,-0.9603303500337612,2.1683571310522622,0.0
131,-1.0351707921544269,-0.6906553557824319,2.1695826397652094,0.0
132,-1.028314494673824,-0.2344038664276484,2.194482554327482,0.0
133,-1.1345448660464346,0.28517045315006606,2.2670397347172337,0.0
134,-1.0871856229829164,0.7277076467425145,2.3150032760214945,0.0
135,-1.1791280464062968,0.9736588860634923,2.422662398897072,0.008359818198069803
136,-1.0241346059045429,0.9565818858043134,2.3842950207526696,0.0
137,-1.1024599351381665,0.6810898974638078,2.4279110525887035,0.0
138,-1.1346660867587341,0.22160546650305105,2.437078152875621,0.0
139,-1.0533143650217671,-0.2977443819770769,2.5465682995365047,0.0
140,-1.1764007966651626,-0.7366603313193447,2.506153385268747,0.0
141,-1.1536548032047498,-0.9765718111406236,2.4641672931597083,0.0
142,-1.022940527776507,-0.9526681417504226,2.434197660887507,0.0
143,-1.1836888512326298,-0.6714067592890729,2.3280028746720167,0.0
144,-1.1652254653793992,-0.20876877721385068,2.3017151235879787,0.0
145,-1.139237185954557,0.31026686602982334,2.263758490510294,0.0012600407252755502
146,-1.061054898776826,0.7454857344871837,2.271278179834104,0.0
147,-1.1847499698646342,0.9793160025004483,2.2883659786229624,0.0
148,-1.316795631173062,0.9485897940953669,2.3821745205837566,0.0
149,-1.2646014746113723,0.6616076143270895,2.429695712493059,0.0
150,-1.2349030072880536,0.19589601650476296,2.400850529709939,0.0
151,-1.2098537222534658,-0.32273574165249735,2.355929796142521,0.0
152,-1.1752089013037683,-0.7541823313780631,2.3805257547178464,0.0
153,-1.2432113734616175,-0.9818909859969785,2.3145140943668143,0.0
154,-1.2199860037455172,-0.9443475475028978,2.406087032659532,0.0
155,-1.1906787564156491,-0.6516941556905991,2.465059038695596,0.0
156,-1.2621138982182858,-0.1829894085530259,2.441600256090361,0.0
157,-1.0755364471038102,0.33514885445180537,2.3559435296358173,0.0
158,-1.0281531550126315,0.7627486193793788,2.423637148344088,0.0
159,-1.1472835047328962,0.9842963167202448,2.417910156081457,0.0
160,-1.0816281438695132,0.9399421349554999,2.47980097168013,0.0
161,-1.1790963108922454,0.6416680962436203,2.400079588740412,0.0
162,-1.1003878505180003,0.17005118338401912,2.370110837592723,0.0019278282081925018
163,-0.9845282926172598,-0.3475040596692884,2.370373022578632,0.0
164,-1.066596524452431,-0.7711831183934876,2.3727220522668695,0.0
165,-0.9702589115279987,-0.9865315790731606,2.350218778692907,0.0
166,-0.9289808188343488,-0.93537431762776,2.381361275310282,0.0
167,-0.8467748028348998,-0.6315311683055282,2.3279802538411523,0.0
168,-0.6570955045695052,-0.15708357648599805,2.320861279590088,0.00044292025277102066
169,-0.6816343161697922,0.35979922255185637,2.3268760611756827,0.0016653892606714132
170,-0.7570079326055411,0.7794843710935055,2.35259800287862,0.006943491033181037
171,-0.8459593755680935,0.9885963868433459,2.3881787467830646,0.012044932391147713
172,-0.9275404040646373,0.9306448847548211,2.331946642191171,0.006399134774602486
173,-0.9352505750060477,0.6212851233517751,2.25524093365439,0.0
174,-0.9011353775243833,0.14408882842388462,2.3191247747493153,0.0
175,-0.8734662975913814,-0.3720322187205949,2.335740475348295,0.008208792921515289
176,-0.7907479726877791,-0.7876509431750346,2.2983161485204673,0.0
177,-0.7894477834999885,-0.9904903832698494,2.3758737472965934,0.0
178,-0.6440943757842567,-0.9257546534960309,2.3816574790112366,0.0
179,-0.6705600591080523,-0.6109317317111899,2.440622338214428,0.0
180,-0.3985431424490904,-0.1310691844520547,2.443998262284933,0.005539985693708073
181,-0.3359764076725898,0.3842009345378987,2.5470356585290324,0.007427237801894583
182,-0.4216921633142181,0.7956814236040467,2.6348027006511927,0.008079874546836296
183,-0.5287814131203293,0.9922132411047839,2.622354493227239,0.00946638057849182
184,-0.48053417159601075,0.920704468793768,2.670933040774957,0.007617581137929715
185,-0.5028804501285958,0.6004727822601872,2.7032018382542145,0.004786929671851626
186,-0.43148040071938665,0.11802689412644105,2.7716334161308316,0.008035944426965619
187,-0.38415663826203217,-0.39630326747262934,2.7233872431018264,0.0045072392964955865
188,-0.39143952952771943,-0.803574424860658,2.7576898161017485,0.011188681860259262
189,-0.4761189013345599,-0.9937646626698821,2.8106110404442277,0.0
190,-0.6276036238031465,-0.9154952032274201,2.722674066123072,0.0037733338996584227
191,-0.6722551190098486,-0.589910082113604,2.6635111404897835,0.005162795452702722
192,-0.5866152395775014,-0.10496421091589381,2.5615495316017785,0.0
193,-0.565205865164481,0.4083371264633549,2.5480791898795507,0.004120288738384512
194,-0.6897797430356798,0.8113285831788408,2.583956302669349,0.0035717563305403496
195,-0.6724616504505616,0.9951443799079223,2.65907415527415,0.0
196,-0.633929912477678,0.9101277568626326,2.6627788942951387,0.003308514885395503
197,-0.7223156560977912,0.5792454563124958,2.7442096715737034,0.0
198,-0.7069431455032386,0.09188339181273775,2.6752045986629587,0.010432315463442948
199,-0.7011222736586386,-0.4203004322797259,2.590035476695201,0.0037345152845563072
200,-0.8154193034417008,-0.8189425587821095,2.5872580917503702,0.0011291927957269715
201,-0.7796405674068725,-0.9963521544290405,2.6064613641973353,0.0
202,-0.7235621147700491,-0.9046030570958126,2.6048266267926308,0.0
203,-0.6152569904525214,-0.5684807475088388,2.501454521790637,0.0
204,-0.5098767852490311,-0.0787866969428475,2.4969985198149978,0.006849400656074726
205,-0.6476437220447402,0.43219111788168846,2.431775044789755,0.0
206,-0.7414262260362525,0.8264150361149828,2.465258672231257,0.007799060155174318
207,-0.6899226993153865,0.9973877775519284,2.483588584536099,0.004954035079733436
208,-0.6385441042241656,0.8989220584938568,2.4365945952197317,0.004722813360677446
209,-0.5870393355935608,0.5576178156470838,2.4109012493528965,0.009423904706087454
210,-0.2017661865280887,0.06567638917518184,2.3579405732584493,0.013230255919261231
211,-0.144677135458772,-0.4440071287765927,2.3548066183947904,0.007791204054635779
212,-0.0311205714407121,-0.8337447240702636,2.4025637344198527,0.015810641436495385
213,0.06427960490860814,-0.998251070339885,2.3532774321030754,0.005595574972679401
214,0.12941873003918794,-0.8930857426292362,2.3784797578789676,0.01595958343811683
215,0.09789180557515338,-0.546658537642826,2.3519668769603452,0.016893983467051548
216,0.17378872762448014,-0.05255473373071642,2.312323235347228,0.016289915157960525
217,0.09650620617072295,0.4557464233742488,2.3069717173495006,0.020453464786195294
218,0.07282434549672205,0.8409303562121677,2.2552096012285316,0.013915990011525829
219,0.02428799071381171,0.9989418836317306,2.2275271359611724,0.024555658600391737
220,0.032475404652443966,0.8870951179104184,2.16763324133173,0.01849573948304949
221,0.26394126131979484,0.5356048070585445,2.2658694979775493,0.01987497315504852
222,0.07721474206062005,0.039423997791097454,2.267632675576136,0.02152172631050461
223,0.1458407610980714,-0.46740697333963704,2.2326464001765065,0.011523354702902458
224,-0.015430826020893785,-0.847970690995116,2.243345395713218,0.0028959143342151836
225,-0.06262401259983713,-0.9994600980675865,2.2377289932286764,0.00044253137650315886
226,0.04627104709689948,-0.880951219407595,2.226680513252015,0.014004075628132242
227,0.05269904900644576,-0.5244585337763584,2.2573888482541866,0.006544319245274082
228,-0.05507542878648486,-0.026286450106956984,2.2952642337565514,0.022131558551170445
229,-0.1266057997124817,0.4789867639433299,2.2687391763760254,0.003990649138800458
230,-0.05864602481901411,0.8548645119782278,2.2399482643437914,0.026063580433648634
231,-0.13168268799072777,0.9998056241094911,2.2261956794862092,0.01787285305571841
232,-0.1100368290325303,0.8746551086738588,2.11109962124943,0.015911172645865588
233,-0.1054796450421489,0.5132216436680691,2.035340068139502,0.011802600019731622
234,-0.17063967980273065,0.013144360605814904,2.1036837815117284,0.012855976341758273
235,0.04375472912980194,-0.4904837944096756,2.1859321671867926,0.012606366432797006
236,0.10714663136160306,-0.8616106280355457,2.173480365208974,0.017698349627554892
237,-0.09536762730415767,-0.9999784020568753,2.202308213361762,0.008068510113666192
238,-0.0767221958272149,-0.8682078735618077,2.217870721088939,0.009311766965133927
239,-0.1429008423040537,-0.5018960782624416,2.371814761511701,0.00755807122456084
240,-0.0576575088244313,-4.898587196589413e-15,2.42779350708343,0.013417708719072873
